Track,Week,Phase,Weekly Theme,Session Title,What the week is about,Video length / style,Current video ID,Reused?,Action,Also used by weeks,NEW VIDEO URL,Notes
Child,1,1,The Signal and the Noise,Finding Your Station,Sometimes our thoughts and feelings get really noisy — like a radio with too much static. Today we practise noticing when we feel like ourselves versus when we feel a bit lost or scrambled.,3–6 min · animated or story-led · gentle (a read-aloud of the week's picture book is ideal),nj2ofrX7jAk,YES,KEEP,"4, 33, 34",,"weeks 4, 33, 34 will move off this one"
Child,2,1,The Stories We Carry,What's in Your Backpack?,"We all have little voices in our head that say things about us — sometimes kind things, sometimes not-so-kind things. Today we meet those voices and find out where they came from.",3–6 min · animated or story-led · gentle (a read-aloud of the week's picture book is ideal),pTp0O-b0LFI,,KEEP,,,
Child,3,1,The Pattern Interrupt,The Pause Button,Sometimes we do things we didn't really mean to — like snap at someone or say something unkind — almost before we even knew we were doing it. Today we learn a superpower: the pause.,3–6 min · animated or story-led · gentle (a read-aloud of the week's picture book is ideal),BVAaomgzFCM,YES,KEEP,"24, 30",,"weeks 24, 30 will move off this one"
Child,4,1,What Your Body Is Telling You,Your Feelings Weather Station,"Our bodies are amazing messengers! They tell us when we're scared, excited, tired, or happy — all with feelings inside our body. Today we learn to listen to those feelings.",3–6 min · animated or story-led · gentle (a read-aloud of the week's picture book is ideal),nj2ofrX7jAk,YES,REPLACE,"1, 33, 34",,duplicate of week 1
Child,5,1,The Mirror — How We See Ourselves,The True Mirror,"Have you ever looked in a funny mirror that made you look tall or wiggly or squished? Today we think about the mirror we use to look at ourselves — and make sure it's a good, true one.",3–6 min · animated or story-led · gentle (a read-aloud of the week's picture book is ideal),0ZcfX2862XE,YES,KEEP,"7, 25, 41",,"weeks 7, 25, 41 will move off this one"
Child,6,1,The Comparison Loop,Your Own Puzzle,"Sometimes we look at other people and wish we were more like them — that we had what they had or could do what they can do. Today we learn why comparing isn't as useful as it feels, and what to do instead.",3–6 min · animated or story-led · gentle (a read-aloud of the week's picture book is ideal),kMyk8xSMnzY,,KEEP,,,
Child,7,1,The Inner Critic,Meeting the Gremlin,"Sometimes we have a mean little voice in our head that says unkind things about us — like 'you can't do that' or 'you're not good enough.' Today we find out that this voice isn't telling the truth — and we learn to find the kinder, truer voice.",3–6 min · animated or story-led · gentle (a read-aloud of the week's picture book is ideal),0ZcfX2862XE,YES,REPLACE,"5, 25, 41",,duplicate of week 5
Child,8,1,Beneath the Surface — Emotions as Data,The Feelings Iceberg,"Feelings are like messages your heart sends you. Sometimes the messages are easy to understand — 'I'm happy!' or 'I'm sad.' But sometimes feelings are tricky and hidden, like treasure buried under sand. Today we learn to dig and find what's really there.",3–6 min · animated or story-led · gentle (a read-aloud of the week's picture book is ideal),d3N7Kgb3JtE,,KEEP,,,
Child,9,1,The Wounds We Carry,The Stone in Your Pocket,"Sometimes things happen that make us feel sad, scared, or hurt — and even when those things are over, we might still feel them inside. Today we talk about those feelings in a gentle, safe way, and remember that carrying something hard doesn't mean we're stuck with it forever.",3–6 min · animated or story-led · gentle (a read-aloud of the week's picture book is ideal),7H2pBdLnmGs,YES,KEEP,"16, 23, 49",,"weeks 16, 23, 49 will move off this one"
Child,10,1,The Masks We Wear,The Real Face and the Pretend Faces,Sometimes we act differently around different people — maybe you're super silly with your best friend but quieter at school. Sometimes that's fine! But sometimes we hide the real us because we're worried people won't like us. Today we talk about feeling safe enough to be yourself.,3–6 min · animated or story-led · gentle (a read-aloud of the week's picture book is ideal),YRaVl-VjF2g,YES,KEEP,38,,weeks 38 will move off this one
Child,11,1,Seeing Others Clearly,Walking Around the Picture,"Sometimes we think we know exactly why someone did something — but we might be wrong! Today we practise the superpower of seeing things from other people's point of view, which is one of the kindest and most useful things you can learn to do.",3–6 min · animated or story-led · gentle (a read-aloud of the week's picture book is ideal),9_1Rt1R4xbM,YES,KEEP,"21, 31, 36, 44, 48",,"weeks 21, 31, 36, 44, 48 will move off this one"
Child,12,1,The Habit Loop — How We Got Here,The Habit Path,A habit is something we do so often that we start doing it without even thinking! Some habits are really good — like brushing teeth. Some habits might not help us as much. Today we look at habits and figure out how they work.,3–6 min · animated or story-led · gentle (a read-aloud of the week's picture book is ideal),hpnI3MCTJSA,YES,KEEP,"29, 47",,"weeks 29, 47 will move off this one"
Child,13,1,Integration — What We Now See,Looking at Our Full Backpack,"We've been on a big adventure together for 13 weeks — looking at feelings, habits, patterns, and all sorts of things about ourselves. Today we celebrate how brave we've been, and get ready for the next exciting part of the journey.",3–6 min · animated or story-led · gentle (a read-aloud of the week's picture book is ideal),VWOgrMXBE4U,YES,KEEP,"26, 39, 51, 52",,"weeks 26, 39, 51, 52 will move off this one"
Child,14,2,The Permission You're Still Waiting For,Your Own GO Button,"Sometimes we don't try things because we're waiting for someone to say it's okay. But some of the best, most YOU things you could do — you already have permission for. Today we find out what you've been waiting to try.",3–6 min · animated or story-led · gentle (a read-aloud of the week's picture book is ideal),H14bBuluwB8,YES,KEEP,"15, 27",,"weeks 15, 27 will move off this one"
Child,15,2,Letting Go of Who You Were Supposed to Be,My Own Picture,"Sometimes grown-ups and other people have ideas about what we should be when we grow up, or how we should act, or what we should like. Those ideas come from love — but sometimes they're not exactly right for us. Today we explore what WE actually love and who WE actually are.",3–6 min · animated or story-led · gentle (a read-aloud of the week's picture book is ideal),H14bBuluwB8,YES,REPLACE,"14, 27",,duplicate of week 14
Child,16,2,The Forgiveness Loop,Putting Down the Hot Rock,"Sometimes people hurt our feelings or do things that aren't fair — and it can be really hard to stop feeling angry or sad about it. Today we talk about something called forgiveness — what it really means, and how it can help US feel better.",3–6 min · animated or story-led · gentle (a read-aloud of the week's picture book is ideal),7H2pBdLnmGs,YES,REPLACE,"9, 23, 49",,duplicate of week 9
Child,17,2,Forgiving Yourself,Say Sorry and Keep Going,"Sometimes we do things we feel really bad about — maybe we said something unkind or made a mistake that hurt someone. It's good to feel sorry. But today we learn that after we've said sorry and tried to make it right, we don't need to keep feeling bad forever.",3–6 min · animated or story-led · gentle (a read-aloud of the week's picture book is ideal),nDPHBzWBFBg,,KEEP,,,
Child,18,2,Rewiring the Critic — Building the Inner Coach,Making the Kind Voice Louder,"Remember the gremlin from a few weeks ago? Today we give more power to the OTHER voice — the kind, honest, encouraging one. We're going to build our own inner coach — a voice that's on our side AND tells us the truth.",3–6 min · animated or story-led · gentle (a read-aloud of the week's picture book is ideal),VXez46_LZSE,YES,KEEP,32,,weeks 32 will move off this one
Child,19,2,Breaking the People-Pleasing Pattern,Kind vs. People-Pleasing,"Sometimes we do things we don't really want to do, or say we're okay when we're not, just so other people feel happy. That's called people-pleasing — and while it feels kind, it can actually stop us from being honest and taking care of ourselves. Today we learn the difference between being kind and trying to make everyone happy all the time.",3–6 min · animated or story-led · gentle (a read-aloud of the week's picture book is ideal),IRVxOCKxDyI,YES,KEEP,"28, 43",,"weeks 28, 43 will move off this one"
Child,20,2,Unlearning Scarcity — There Is Enough,The Things That Don't Run Out,"Sometimes we worry that there isn't enough — enough time, enough love, enough things that are good. Today we practise noticing all the things there actually ARE enough of — and how our brains can sometimes trick us into thinking things are scarcer than they are.",3–6 min · animated or story-led · gentle (a read-aloud of the week's picture book is ideal),rrkrvAUbU9Y,YES,KEEP,"37, 40, 45, 46",,"weeks 37, 40, 45, 46 will move off this one"
Child,21,2,The Relationships That Shaped You,The Gifts People Give Us,"All the people in our lives — family, friends, teachers — teach us things about what being close to someone feels like. Some of those things are wonderful. Some might be a little confusing or hard. Today we think about the people who have shaped us most — and what we want to carry with us.",3–6 min · animated or story-led · gentle (a read-aloud of the week's picture book is ideal),9_1Rt1R4xbM,YES,REPLACE,"11, 31, 36, 44, 48",,duplicate of week 11
Child,22,2,Setting Down the Armour,The Shield With a Door,"Sometimes when we've been hurt before, we build a little protective wall around our heart — we might not share our real feelings, or we might try to look like nothing bothers us. Today we talk about why those walls go up, what they do, and when it might be safe to put a door in them.",3–6 min · animated or story-led · gentle (a read-aloud of the week's picture book is ideal),4eSBQFoVCJc,,KEEP,,,
Child,23,2,Grief and Growth — What Endings Make Possible,The Autumn Before Spring,"Sometimes things end or change — friends move away, pets die, families change, things we loved go away. It's completely normal and okay to feel really sad about those things. Today we learn that it's important to let ourselves feel sad — and that after the sadness, something new always becomes possible.",3–6 min · animated or story-led · gentle (a read-aloud of the week's picture book is ideal),7H2pBdLnmGs,YES,REPLACE,"9, 16, 49",,duplicate of week 9
Child,24,2,Rewiring Fear — From Threat to Signal,The Toast Alarm vs. The Real Fire,Everyone feels scared sometimes — and that's completely okay. Fear is actually really useful when it warns us about real danger. But sometimes our fear alarm goes off when things are just new or a bit uncomfortable — not actually dangerous. Today we learn to tell the difference!,3–6 min · animated or story-led · gentle (a read-aloud of the week's picture book is ideal),BVAaomgzFCM,YES,REPLACE,"3, 30",,duplicate of week 3
Child,25,2,The Stories That No Longer Serve,Updating the Photo Album,"Sometimes the things we believe about ourselves are a bit out of date — like a picture of you from when you were really little. The picture might have been true then, but it's not the whole picture of you now. Today we look at old stories and think about whether it's time to update them.",3–6 min · animated or story-led · gentle (a read-aloud of the week's picture book is ideal),0ZcfX2862XE,YES,REPLACE,"5, 7, 41",,duplicate of week 5
Child,26,2,Integration — What We Have Released,Putting Down the Heavy Things,"We've been on the second part of our big adventure — learning how to put down some heavy things, say sorry properly, be brave about our fears, and start telling new stories about ourselves. Today we celebrate everything we've let go — and get excited for the next part of the journey: building!",3–6 min · animated or story-led · gentle (a read-aloud of the week's picture book is ideal),VWOgrMXBE4U,YES,REPLACE,"13, 39, 51, 52",,duplicate of week 13
Child,27,3,Who Are You Now? — Rebuilding Identity,Who Are You Building?,We've been on a huge adventure learning about ourselves — now comes the most exciting part: BUILDING! Today we start thinking about who we are CHOOSING to be — the qualities and values that make us most us — and how to grow more of them.,3–6 min · animated or story-led · gentle (a read-aloud of the week's picture book is ideal),H14bBuluwB8,YES,REPLACE,"14, 15",,duplicate of week 14
Child,28,3,What Do You Actually Value?,Your Inner Compass,"Values are like the most important rules you make for yourself — not rules from other people, but the things YOU decide are most important about how you live and treat others. Today we find out what YOUR most important values are.",3–6 min · animated or story-led · gentle (a read-aloud of the week's picture book is ideal),IRVxOCKxDyI,YES,REPLACE,"19, 43",,duplicate of week 19
Child,29,3,The Habits That Build You,Watering Your Garden,Habits are things we practise so often they become automatic — we do them without even thinking. Today we think about the habits that GROW us — the small things we do every day that make us more of who we want to be.,3–6 min · animated or story-led · gentle (a read-aloud of the week's picture book is ideal),hpnI3MCTJSA,YES,REPLACE,"12, 47",,duplicate of week 12
Child,30,3,Your Body as Foundation,Charging Your Superhero Suit,"Our bodies are the most amazing machines — they need certain things to work really well: good sleep, movement, healthy food, and ways to calm down when we feel stressed. Today we learn how to take care of our bodies so they can help us feel and be our best.",3–6 min · animated or story-led · gentle (a read-aloud of the week's picture book is ideal),BVAaomgzFCM,YES,REPLACE,"3, 24",,duplicate of week 3
Child,31,3,The People You Choose,Growing Friends,"The people we spend time with help shape who we become — because we learn from them, we pick up their habits and feelings, and we become more ourselves (or less ourselves) depending on who we're around. Today we think about the people in our lives who help us grow — and how to be that kind of person for others.",3–6 min · animated or story-led · gentle (a read-aloud of the week's picture book is ideal),9_1Rt1R4xbM,YES,REPLACE,"11, 21, 36, 44, 48",,duplicate of week 11
Child,32,3,How You Speak to Yourself,Finding Your Power Phrases,"We've been building our inner coach — the kind, honest voice inside us. This week we practise using that voice every day. Today we design our personal 'power phrases' — the things we say to ourselves that help us feel brave, kind, and capable.",3–6 min · animated or story-led · gentle (a read-aloud of the week's picture book is ideal),VXez46_LZSE,YES,REPLACE,18,,duplicate of week 18
Child,33,3,Creating Structure That Serves You,Your Personal Rhythm,"Having a routine — a regular order for how we do things — actually helps us feel safer, calmer, and more able to enjoy the fun parts of our day. Today we think about the routines that help us the most — and maybe design some new ones.",3–6 min · animated or story-led · gentle (a read-aloud of the week's picture book is ideal),nj2ofrX7jAk,YES,REPLACE,"1, 4, 34",,duplicate of week 1
Child,34,3,"Rest as a Practice, Not a Reward",Rest Is a Superpower,"Rest is not just sleep — it's also the quiet, gentle times when our brain and body get to recover and refuel. Today we learn about the importance of rest, what real rest looks and feels like, and how to give our brain the recovery time it needs.",3–6 min · animated or story-led · gentle (a read-aloud of the week's picture book is ideal),nj2ofrX7jAk,YES,REPLACE,"1, 4, 33",,duplicate of week 1
Child,35,3,Creativity and Expression,The Joy of Making,"Making things — drawing, building, writing, singing, dancing, inventing — is one of the most wonderful things human beings can do. And everyone can do it! Today we celebrate creativity, remember what we love to make, and give ourselves permission to create without worrying about whether it's perfect.",3–6 min · animated or story-led · gentle (a read-aloud of the week's picture book is ideal),1iL3JOFqMQQ,,KEEP,,,
Child,36,3,Purpose — What You're Here For,Your Special Puzzle Piece,"Every person has gifts — things they're naturally good at, things they love, and ways they can help others. When we use our gifts to help and contribute, that's called purpose. Today we start discovering what our gifts are and how we can share them.",3–6 min · animated or story-led · gentle (a read-aloud of the week's picture book is ideal),9_1Rt1R4xbM,YES,REPLACE,"11, 21, 31, 44, 48",,duplicate of week 11
Child,37,3,"Money, Abundance and Your Relationship With Resources",What We Have and What We Share,"Money is something that grown-ups think about a lot — and most children hear messages about it without fully understanding them. Today we think about what we've been taught about money and resources, and what a healthy, kind relationship with what we have looks like.",3–6 min · animated or story-led · gentle (a read-aloud of the week's picture book is ideal),rrkrvAUbU9Y,YES,REPLACE,"20, 40, 45, 46",,duplicate of week 20
Child,38,3,The Community You Build,Being Part of Something Bigger,"We all belong to communities — our family, our class, our sports team, our neighbourhood. A good community is one where people care for each other, help each other, and make each other feel like they belong. Today we think about the communities we're part of — and how to make them better.",3–6 min · animated or story-led · gentle (a read-aloud of the week's picture book is ideal),YRaVl-VjF2g,YES,REPLACE,10,,duplicate of week 10
Child,39,3,Integration — Who You Are Becoming,Look What We've Built!,We've been building for 13 weeks! Today we celebrate everything we've grown and built — and get ready for the most exciting phase yet: going out into the world and USING everything we've built to make things better.,3–6 min · animated or story-led · gentle (a read-aloud of the week's picture book is ideal),VWOgrMXBE4U,YES,REPLACE,"13, 26, 51, 52",,duplicate of week 13
Child,40,4,From Self-Development to Service,Sharing the Treasure,"We've spent all year learning about ourselves — our feelings, our habits, our strengths, and our values. Now comes the most exciting part: using everything we've learned to make things better for the people around us! Today we think about how to share our superpowers with the world.",3–6 min · animated or story-led · gentle (a read-aloud of the week's picture book is ideal),rrkrvAUbU9Y,YES,REPLACE,"20, 37, 45, 46",,duplicate of week 20
Child,41,4,Teaching What You've Learned,Becoming a Teacher,"One of the best ways to really know something is to teach it to someone else. Today we practise sharing the things we've learned this year — with our families, our friends, and our community. When we teach, we learn even more deeply!",3–6 min · animated or story-led · gentle (a read-aloud of the week's picture book is ideal),0ZcfX2862XE,YES,REPLACE,"5, 7, 25",,duplicate of week 5
Child,42,4,The Courage to Be Seen,"The Real You, All the Way","Being seen means letting people know who you really are — not just the brave face or the happy face, but the real you, with all your feelings and ideas and wonderfulness. Today we practise the courage of being genuinely, fully ourselves in front of the people we care about.",3–6 min · animated or story-led · gentle (a read-aloud of the week's picture book is ideal),iG9CE55wbtY,,KEEP,,,
Child,43,4,Living Your Values Under Pressure,Compass in the Storm,Sometimes it's hard to do the right thing — especially when other people want us to do something different. Today we practise staying true to our values compass even when it's challenging. Because that's when our compass matters most.,3–6 min · animated or story-led · gentle (a read-aloud of the week's picture book is ideal),IRVxOCKxDyI,YES,REPLACE,"19, 28",,duplicate of week 19
Child,44,4,Conflict as a Growth Practice,The Gentle Untangle,"Sometimes we disagree with people — friends, family, classmates. That's completely normal! Today we learn that disagreements don't have to break friendships. We can learn how to talk about what we need and listen to what others need — and often find a way that works for everyone.",3–6 min · animated or story-led · gentle (a read-aloud of the week's picture book is ideal),9_1Rt1R4xbM,YES,REPLACE,"11, 21, 31, 36, 48",,duplicate of week 11
Child,45,4,Generosity as a Way of Being,Gifts That Grow,"Generosity means giving something to others — and it doesn't have to be something you buy! Time, kindness, attention, encouragement, help — these are some of the most powerful gifts there are. And here's the amazing thing: the more you give these things, the happier YOU feel too!",3–6 min · animated or story-led · gentle (a read-aloud of the week's picture book is ideal),rrkrvAUbU9Y,YES,REPLACE,"20, 37, 40, 46",,duplicate of week 20
Child,46,4,Enough — Living From Sufficiency,Noticing the Garden,"Today we practise something really important: being happy with what we have, right now — not because we stop wanting to grow and get better, but because we stop being so focused on what we don't have that we miss all the wonderful things that ARE here.",3–6 min · animated or story-led · gentle (a read-aloud of the week's picture book is ideal),rrkrvAUbU9Y,YES,REPLACE,"20, 37, 40, 45",,duplicate of week 20
Child,47,4,The Long Game — Patience and Persistence,Keep Watering the Plant,"Some of the most important things take a long time to grow — like trees, like friendships, like becoming really good at something. Today we learn about patience, persistence, and why showing up every day — even when things are hard — is one of the most powerful things you can do.",3–6 min · animated or story-led · gentle (a read-aloud of the week's picture book is ideal),hpnI3MCTJSA,YES,REPLACE,"12, 29",,duplicate of week 12
Child,48,4,Leaving People Better Than You Found Them,Being a Sunshine Person,"One of the most wonderful things you can do is make people feel better just by being with them. Not by saying the perfect thing or doing something big — just by being kind, paying attention, and making people feel like they matter. Today we practise being that kind of person.",3–6 min · animated or story-led · gentle (a read-aloud of the week's picture book is ideal),9_1Rt1R4xbM,YES,REPLACE,"11, 21, 31, 36, 44",,duplicate of week 11
Child,49,4,Your Legacy — What You're Building Beyond Yourself,Your Ripples,"Even at your age, you are leaving something in the world — in how you treat your friends, how you show kindness, what you teach younger children, the ripples of what you do every day. Today we think about the mark you want to leave on the world around you.",3–6 min · animated or story-led · gentle (a read-aloud of the week's picture book is ideal),7H2pBdLnmGs,YES,REPLACE,"9, 16, 23",,duplicate of week 9
Child,50,4,"Gratitude as a Practice, Not a Feeling",Training the Gratitude Camera,"Gratitude means really noticing and appreciating the good things in your life. Not just saying 'thank you' — actually stopping and feeling genuinely thankful. Today we learn a special gratitude superpower: when you practise noticing good things, you actually start to notice MORE good things — and that makes life feel much richer.",3–6 min · animated or story-led · gentle (a read-aloud of the week's picture book is ideal),WPPPFqsECz0,,KEEP,,,
Child,51,4,The Ongoing Practice — There Is No Arrival,The Adventure Continues,"Growing up is not something you finish. Every day there are new things to discover, new ways to be kind and brave and curious, new things to learn about yourself and the world. Today we celebrate the fact that the adventure doesn't end — it just keeps getting richer.",3–6 min · animated or story-led · gentle (a read-aloud of the week's picture book is ideal),VWOgrMXBE4U,YES,REPLACE,"13, 26, 39, 52",,duplicate of week 13
Child,52,4,Integration — A Year of Becoming,The Best Kind of Ending,"We've been on an adventure together for a whole year! Today we celebrate everything we've seen, learned, let go of, built, and shared. And then we look forward — because this adventure doesn't end. It just becomes the rest of your beautiful, growing life.",3–6 min · animated or story-led · gentle (a read-aloud of the week's picture book is ideal),VWOgrMXBE4U,YES,REPLACE,"13, 26, 39, 51",,duplicate of week 13
Teen,1,1,The Signal and the Noise,Who's Actually Talking?,"You're surrounded by other people's opinions, social media, and expectations — so much that most of us don't know what we actually think or feel anymore. This session is about starting to notice the difference between what's genuinely yours and what you've absorbed.","4–8 min · a real person telling a real story · TED-Ed, a creator's own channel, or a short doc — no lecture",RcGyVTAoXEU,YES,KEEP,3,,weeks 3 will move off this one
Teen,2,1,The Stories We Carry,The Playlist You Didn't Choose,"A lot of the beliefs we have about ourselves — about our abilities, our worth, what's possible for us — weren't decided by us. They were handed to us. Today we figure out which stories are actually true versus which ones we've just been repeating.","4–8 min · a real person telling a real story · TED-Ed, a creator's own channel, or a short doc — no lecture",pN34FNbOKXc,YES,KEEP,18,,weeks 18 will move off this one
Teen,3,1,The Pattern Interrupt,The Chat You're Not Reading,You know those moments where you react to something and immediately think 'why did I do that'? That's the pattern. Today we figure out what's actually triggering your automatic reactions — and whether you can find the gap.,"4–8 min · a real person telling a real story · TED-Ed, a creator's own channel, or a short doc — no lecture",RcGyVTAoXEU,YES,REPLACE,1,,duplicate of week 1
Teen,4,1,What Your Body Is Telling You,Reading the Data Your Body Collects,"Your body is constantly sending you signals — about safety, stress, excitement, dread. Most of us learned to ignore them or push through. This week we learn to actually read what the body is saying.","4–8 min · a real person telling a real story · TED-Ed, a creator's own channel, or a short doc — no lecture",Ks-_Mh1QhMc,,KEEP,,,
Teen,5,1,The Mirror — How We See Ourselves,The Comparison Trap and the Real Mirror,"How we see ourselves shapes literally everything — the choices we make, the risks we take, the people we let in. Most teens have a self-image built from comparison, other people's opinions, and their worst moments. This week we build a more honest one.","4–8 min · a real person telling a real story · TED-Ed, a creator's own channel, or a short doc — no lecture",Lp7E973zozc,,KEEP,,,
Teen,6,1,The Comparison Loop,The Race With the Moving Finish Line,Comparison is the background noise of teen life — and social media has turned the volume up to maximum. But here's what most people don't know: the comparison loop literally never pays off. Not once. This week we find the exit.,"4–8 min · a real person telling a real story · TED-Ed, a creator's own channel, or a short doc — no lecture",P6FORpg0KVo,,KEEP,,,
Teen,7,1,The Inner Critic,Introducing the Heckler,"That voice in your head that says 'you're not good enough,' 'everyone can see how awkward you are,' 'you'll fail' — we all have one. Today we find out where it came from, why it does what it does, and why listening to it is optional.","4–8 min · a real person telling a real story · TED-Ed, a creator's own channel, or a short doc — no lecture",IvtZBUSplr4,YES,KEEP,17,,weeks 17 will move off this one
Teen,8,1,Beneath the Surface — Emotions as Data,Optimising the Notification System,"Feelings aren't weakness. They're not drama. They're data. Every emotion is trying to tell you something — about what you value, what you need, what your limits are. This week we learn to actually read them instead of either ignoring them or getting wrecked by them.","4–8 min · a real person telling a real story · TED-Ed, a creator's own channel, or a short doc — no lecture",tGdsOXZpyWE,,KEEP,,,
Teen,9,1,The Wounds We Carry,The Update Nobody Installed on Purpose,"All of us have been hurt — by experiences, relationships, or things that happened that we didn't fully understand. And some of those hurts are still shaping how we act today, even if we've never talked about them. This week we acknowledge what we carry — not to relive it, but to start understanding it.","4–8 min · a real person telling a real story · TED-Ed, a creator's own channel, or a short doc — no lecture",95ovIJ3dsNk,,KEEP,,,
Teen,10,1,The Masks We Wear,Which One Is Actually You?,"Pretty much everyone your age is performing — performing toughness, coolness, confidence, happiness, not-caring. Some of it is genuinely useful social navigation. But when you can't remember who you are underneath the performance, that's when it starts costing you. Today we look at the masks.","4–8 min · a real person telling a real story · TED-Ed, a creator's own channel, or a short doc — no lecture",IVlU-2OBdts,,KEEP,,,
Teen,11,1,Seeing Others Clearly,Turning Down the Projector,"Most of the drama in relationships — with friends, family, partners — isn't really about the other person. It's about what we're bringing to them from our own history. Today we develop the skill of actually seeing people — instead of just seeing our story about them.","4–8 min · a real person telling a real story · TED-Ed, a creator's own channel, or a short doc — no lecture",cDDWvj_q-o8,YES,KEEP,48,,weeks 48 will move off this one
Teen,12,1,The Habit Loop — How We Got Here,Understanding Autopilot,"About half of what you do every day isn't a decision — it's a habit running on autopilot. That's not bad. But it means if you want your life to look different, you need to understand how habits actually work — because 'trying harder' is the least effective strategy that exists.","4–8 min · a real person telling a real story · TED-Ed, a creator's own channel, or a short doc — no lecture",W1eYrhGeffc,YES,KEEP,"27, 29",,"weeks 27, 29 will move off this one"
Teen,13,1,Integration — What We Now See,The Diagnostic Is Complete,"You've done 13 weeks of genuinely hard looking. Not perfectly — nobody does it perfectly. But you've looked. Today we take stock of what's actually shifted, what you now see, and what you're taking into the next chapter. This is a threshold, not a finish line.","4–8 min · a real person telling a real story · TED-Ed, a creator's own channel, or a short doc — no lecture",jqONINYF17M,YES,KEEP,"26, 39",,"weeks 26, 39 will move off this one"
Teen,14,2,The Permission You're Still Waiting For,Admin Access Granted,A lot of the things you actually want to do — the things that feel most like you — you've been putting off because you're waiting for someone to say it's okay. A parent. A friend. The right feeling. Enough confidence. This week: that permission was always yours.,"4–8 min · a real person telling a real story · TED-Ed, a creator's own channel, or a short doc — no lecture",8CrOL-ydFMI,,KEEP,,,
Teen,15,2,Letting Go of Who You Were Supposed to Be,Default Settings,"There's probably a version of you that other people have planned out — a career path, a type of success, a kind of life. And there's the version of you that actually exists. This week we figure out which parts of your future belong to you — and which parts were handed to you without asking.","4–8 min · a real person telling a real story · TED-Ed, a creator's own channel, or a short doc — no lecture",NiuDFBNDoSk,YES,KEEP,32,,weeks 32 will move off this one
Teen,16,2,The Forgiveness Loop,Closing the Background Apps,Holding onto anger or resentment toward someone feels powerful — like you're making them pay. But research shows the only person actually paying is you. This week we look at what forgiveness actually means — and why it's one of the most self-interested things you can do.,"4–8 min · a real person telling a real story · TED-Ed, a creator's own channel, or a short doc — no lecture",Ik_V3UIqoQ0,,KEEP,,,
Teen,17,2,Forgiving Yourself,Closing the 2am Replay,"You know all those mistakes, embarrassments, and bad calls you keep replaying — especially at 2am? This week we talk about why being permanently hard on yourself isn't the same as accountability. And why the most powerful thing you can do is actually learn from something and then let it go.","4–8 min · a real person telling a real story · TED-Ed, a creator's own channel, or a short doc — no lecture",IvtZBUSplr4,YES,REPLACE,7,,duplicate of week 7
Teen,18,2,Rewiring the Critic — Building the Inner Coach,Building the Track,"Last time we met the inner critic. Now we do something with it. Not silence it forever — but replace it with something way more useful: a voice that's actually honest AND on your side. Think of the best coach, mentor, or teacher you've ever had. That's the voice we're building.","4–8 min · a real person telling a real story · TED-Ed, a creator's own channel, or a short doc — no lecture",pN34FNbOKXc,YES,REPLACE,2,,duplicate of week 2
Teen,19,2,Breaking the People-Pleasing Pattern,The Battery Drain,Do you ever agree to things you don't want to do just to avoid the awkwardness of saying no? Say things you don't mean to keep the peace? Pretend to be fine when you're not? That's people-pleasing — and it feels kind but it's actually one of the most exhausting and self-erasing things you can do. This week we look at where it comes from and how to start changing it.,"4–8 min · a real person telling a real story · TED-Ed, a creator's own channel, or a short doc — no lecture",MIte_1vcOqs,,KEEP,,,
Teen,20,2,Unlearning Scarcity — There Is Enough,The Resource Monitor,"There's a thought that runs constantly in the background for most people: not enough time, not enough success, not good enough. It drives comparison, competition, and the feeling that you're always slightly behind. This week we look at where that thought actually comes from — and whether it's actually true.","4–8 min · a real person telling a real story · TED-Ed, a creator's own channel, or a short doc — no lecture",RZWf2_2L2v8,,KEEP,,,
Teen,21,2,The Relationships That Shaped You,Auditing the Relationship Code,"You didn't choose your family, your early friendships, or the first people who taught you what love and trust look like. But those relationships installed some pretty powerful programmes about how you connect with people. Today we look at those programmes — and decide which ones to keep.","4–8 min · a real person telling a real story · TED-Ed, a creator's own channel, or a short doc — no lecture",WjOowWxOXCg,,KEEP,,,
Teen,22,2,Setting Down the Armour,Firewall Settings,"We all develop ways of protecting ourselves when things feel unsafe — humour, sarcasm, not caring, never letting anyone get too close. Those strategies made sense once. But if the armour never comes down, you end up safe and alone. This week we look at what you're protected against — and what you're also blocking.","4–8 min · a real person telling a real story · TED-Ed, a creator's own channel, or a short doc — no lecture",iCvmsMzlF7o,YES,KEEP,42,,weeks 42 will move off this one
Teen,23,2,Grief and Growth — What Endings Make Possible,What Deserved a Ceremony,"Grief isn't only about death. It's also about things ending — friendships that changed, versions of yourself you had to leave behind, futures you imagined that didn't happen. Most people were never taught how to grieve properly. This week we learn what grief actually requires — and why moving through it (not around it) is where growth lives.","4–8 min · a real person telling a real story · TED-Ed, a creator's own channel, or a short doc — no lecture",khkJkR-ipfw,,KEEP,,,
Teen,24,2,Rewiring Fear — From Threat to Signal,Updating the Alarm System,"Fear is useful — when it's pointing at real danger. But most of the fear that shapes our decisions isn't about real danger. It's about embarrassment, failure, judgment, and uncertainty. This week we learn to tell the difference — and to stop letting discomfort run disguised as danger.","4–8 min · a real person telling a real story · TED-Ed, a creator's own channel, or a short doc — no lecture",ZizdB0TgAVM,,KEEP,,,
Teen,25,2,The Stories That No Longer Serve,Writing the Update,"In Phase 1 we found the stories running in the background. Now we do something about them. Not all stories are ready to go — but some of them are. This week we write the upgrade: the same events, a more complete interpretation, a new author in charge.","4–8 min · a real person telling a real story · TED-Ed, a creator's own channel, or a short doc — no lecture",D9Ihs241zeg,,KEEP,,,
Teen,26,2,Integration — What We Have Released,Threshold Crossing,"Thirteen weeks of unlearning. Today we close Phase 2 by taking stock of what you've actually released — not what you've fixed, but what you've set down. What's lighter. What has more space. And what you're walking into Phase 3 with that you didn't have before.","4–8 min · a real person telling a real story · TED-Ed, a creator's own channel, or a short doc — no lecture",jqONINYF17M,YES,REPLACE,"13, 39",,duplicate of week 13
Teen,27,3,Who Are You Now? — Rebuilding Identity,The First Brick,"After two phases of looking honestly at what you've absorbed and what you're releasing, we arrive at the most important question of Phase 3: who are YOU? Not the roles, not the labels, not the history. The actual you — right now — with the agency to choose who you're becoming. Today we begin building that deliberately.","4–8 min · a real person telling a real story · TED-Ed, a creator's own channel, or a short doc — no lecture",W1eYrhGeffc,YES,REPLACE,"12, 29",,duplicate of week 12
Teen,28,3,What Do You Actually Value?,Opening the Settings Menu,"Values aren't what you say you believe — they're what you demonstrate with your time, energy, and choices. Most people have never actually thought about what their values are. And most people are living primarily from absorbed values — other people's ideas about what matters — rather than ones they actually chose. This week we get explicit.","4–8 min · a real person telling a real story · TED-Ed, a creator's own channel, or a short doc — no lecture",jHeeHg_MXNE,YES,KEEP,43,,weeks 43 will move off this one
Teen,29,3,The Habits That Build You,Designing the Practice,We mapped habits in Phase 1 and cleared some in Phase 2. Now we build the ones that actually express who you're choosing to be. Not willpower-based habits that burn out — identity-based ones that compound quietly. This is where Phase 3 gets real.,"4–8 min · a real person telling a real story · TED-Ed, a creator's own channel, or a short doc — no lecture",W1eYrhGeffc,YES,REPLACE,"12, 27",,duplicate of week 12
Teen,30,3,Your Body as Foundation,Charging the Hardware,"Everything we've been building — self-awareness, emotional intelligence, identity, values — runs on your physical hardware. Sleep, movement, and how you fuel yourself are not separate from personal development. They ARE personal development. This week we treat the body like the foundation it is.","4–8 min · a real person telling a real story · TED-Ed, a creator's own channel, or a short doc — no lecture",5MuIMqhT8oY,,KEEP,,,
Teen,31,3,The People You Choose,Your Operating Environment,"The people you spend the most time with have more influence on who you become than almost anything else. Not through dramatic conversations — just through daily presence, what gets normalised, what gets reinforced, what gets expanded or contracted. This week we get intentional about who's in your circle.","4–8 min · a real person telling a real story · TED-Ed, a creator's own channel, or a short doc — no lecture",q4g_cxMWnMk,,KEEP,,,
Teen,32,3,How You Speak to Yourself,Redesigning the Soundtrack,The voice in your head is the one you'll hear more than any other person's voice in your entire life. What quality is it? What does it say on a hard day? What does it say when you succeed? What does it say when you first wake up? This week we make that voice deliberately good.,"4–8 min · a real person telling a real story · TED-Ed, a creator's own channel, or a short doc — no lecture",NiuDFBNDoSk,YES,REPLACE,15,,duplicate of week 15
Teen,33,3,Creating Structure That Serves You,Designing the Container,"Structure isn't the enemy of freedom — it's what makes freedom possible. When you design your time deliberately, you stop spending energy deciding what to do next, you protect the things that actually matter, and you stop being at the mercy of whatever is loudest. This week we design your personal architecture.","4–8 min · a real person telling a real story · TED-Ed, a creator's own channel, or a short doc — no lecture",gTaJhjQHcf8,,KEEP,,,
Teen,34,3,"Rest as a Practice, Not a Reward",The Recovery Protocol,"Rest isn't what happens after you've earned it. Rest is part of the practice — just as important as effort, study, and creation. This week we rebuild the relationship with rest: what it actually is, why it matters, and why you might be confusing distraction with recovery.","4–8 min · a real person telling a real story · TED-Ed, a creator's own channel, or a short doc — no lecture",9y1xyXtYAsg,,KEEP,,,
Teen,35,3,Creativity and Expression,Making Without Judging,Creativity isn't a talent some people have and others don't. It is a fundamental human capacity — the ability to make something that didn't exist before and express what is true for you. Most people shut it down by making it about evaluation rather than expression. This week we reclaim it.,"4–8 min · a real person telling a real story · TED-Ed, a creator's own channel, or a short doc — no lecture",WPPPFqsECz0,YES,KEEP,50,,weeks 50 will move off this one
Teen,36,3,Purpose — What You're Here For,Finding the Direction,"Purpose isn't a big dramatic declaration about your future career. It's a direction — the sense that what you're doing matters, connects to something bigger than just you, and expresses something genuine about who you are. This week we find that direction — not as a final answer, but as a starting orientation.","4–8 min · a real person telling a real story · TED-Ed, a creator's own channel, or a short doc — no lecture",fLJsdqxnZb0,,KEEP,,,
Teen,37,3,"Money, Abundance and Your Relationship With Resources",What You've Inherited About Resources,"Money is one of the most loaded, confusing, and rarely discussed topics in most families — which means most of us have absorbed a lot of stories about it without ever examining them. This week we look at what you've inherited about money and resources, and begin to build a healthier relationship with it.","4–8 min · a real person telling a real story · TED-Ed, a creator's own channel, or a short doc — no lecture",8gxNHkQBkF8,,KEEP,,,
Teen,38,3,The Community You Build,Building Real Connection,"Humans are social animals — we are literally designed for community. The quality of your connections isn't a nice extra to sort out later. It's one of the foundations of everything: your mental health, your resilience, your ability to grow. This week we get intentional about building the community you actually want.","4–8 min · a real person telling a real story · TED-Ed, a creator's own channel, or a short doc — no lecture",q4g_cxMWnMg,,KEEP,,,
Teen,39,3,Integration — Who You Are Becoming,What Has Been Built,"Thirteen weeks of rebuilding. Today we close Phase 3 by naming what has actually been built — not what you've fixed or resolved, but what is genuinely present now that wasn't before. And we step toward Phase 4 with something real to bring.","4–8 min · a real person telling a real story · TED-Ed, a creator's own channel, or a short doc — no lecture",jqONINYF17M,YES,REPLACE,"13, 26",,duplicate of week 13
Teen,40,4,From Self-Development to Service,Pointing the Torch Outward,"You've spent almost a year doing serious inner work — seeing yourself clearly, releasing old patterns, building something real. Phase 4 is the turn outward: taking what you've built and offering it to the people around you. Not because you should. Because you genuinely have something to give now.","4–8 min · a real person telling a real story · TED-Ed, a creator's own channel, or a short doc — no lecture",lmyZMtPVodo,,KEEP,,,
Teen,41,4,Teaching What You've Learned,Learning by Giving It Away,"The best way to test whether you actually understand something is to try to explain it to someone else. If you can teach it clearly, you genuinely know it. If you get stuck, you've found where you still have learning to do. This week we teach — and discover what we actually know.","4–8 min · a real person telling a real story · TED-Ed, a creator's own channel, or a short doc — no lecture",FLbqzbAaEiI,,KEEP,,,
Teen,42,4,The Courage to Be Seen,Closing the Gap,"All this inner work — all the honesty and growth and becoming — only matters when it shows up in how you actually live. Phase 4 is about the courage to be genuinely seen: to show up as who you've actually become, not the managed version, not the performance. Today we practise that.","4–8 min · a real person telling a real story · TED-Ed, a creator's own channel, or a short doc — no lecture",iCvmsMzlF7o,YES,REPLACE,22,,duplicate of week 22
Teen,43,4,Living Your Values Under Pressure,The Pressure Test,"Values are easy when everything is fine. The real test is whether they hold when something costs you — when your friends expect something different, when it's easier to compromise, when the pressure to go along is strong. This week we practise holding our values when it actually matters.","4–8 min · a real person telling a real story · TED-Ed, a creator's own channel, or a short doc — no lecture",jHeeHg_MXNE,YES,REPLACE,28,,duplicate of week 28
Teen,44,4,Conflict as a Growth Practice,"Needs, Not Positions","Most people treat conflict as something to avoid or win. Both miss the point. Conflict — handled honestly — is one of the fastest routes to genuine understanding, better relationships, and knowing yourself more clearly. This week we learn how to actually engage conflict rather than manage around it.","4–8 min · a real person telling a real story · TED-Ed, a creator's own channel, or a short doc — no lecture",l7ToNudVd2I,,KEEP,,,
Teen,45,4,Generosity as a Way of Being,Open Hands,"Generosity isn't about grand gestures or having a lot to give. It is a way of being in the world — of arriving at every encounter asking 'what can I offer?' rather than 'what will I get?' It's one of the most powerful orientations available. And research shows it makes the generous person happier, not just the recipient.","4–8 min · a real person telling a real story · TED-Ed, a creator's own channel, or a short doc — no lecture",M7SBFnFvPeY,,KEEP,,,
Teen,46,4,Enough — Living From Sufficiency,Starting From Here,"There is always going to be someone with more followers, better grades, more opportunities, a better body, more popularity. The 'more' game never ends. This week we practise something radical: deciding that what you have right now is enough to start from. Not to stop growing — but to stop waiting.","4–8 min · a real person telling a real story · TED-Ed, a creator's own channel, or a short doc — no lecture",oHGKTZSe_k4,,KEEP,,,
Teen,47,4,The Long Game — Patience and Persistence,Compound Interest for a Person,"We live in an instant culture — instant feedback, instant results, instant gratification. But the most important things in life — character, genuine skill, deep relationships, real wisdom — all take time. This week we practise the orientation of the long game: trusting the process even when you can't see the results yet.","4–8 min · a real person telling a real story · TED-Ed, a creator's own channel, or a short doc — no lecture",TQMbvJNRpLE,,KEEP,,,
Teen,48,4,Leaving People Better Than You Found Them,One Question,"Here is one of the simplest and most powerful practices available to you: leave people slightly better than you found them. Not dramatically — not fixing or saving anyone. Just: they feel slightly more seen, more valued, more capable of being themselves after being with you. That is one of the most significant things a person can do.","4–8 min · a real person telling a real story · TED-Ed, a creator's own channel, or a short doc — no lecture",cDDWvj_q-o8,YES,REPLACE,11,,duplicate of week 11
Teen,49,4,Your Legacy — What You're Building Beyond Yourself,What Do You Want Them to Say?,"Legacy sounds like something old people think about. It isn't. Legacy is what you're building right now — through how you treat people, what you model, what you stand for, what you create. At 16 or 17 or 18, you are already leaving something in the world. Today we think about what that is — and whether it's what you'd choose.","4–8 min · a real person telling a real story · TED-Ed, a creator's own channel, or a short doc — no lecture",qp0HIF3SfI4,,KEEP,,,
Teen,50,4,"Gratitude as a Practice, Not a Feeling",Training the Noticing Muscle,"Gratitude is not a feeling you get when good things happen. It is a deliberate practice — choosing to notice and name what is already present and valuable, even when things aren't perfect. And the research on what it does to your brain and your life is extraordinary. This week we make it a daily practice.","4–8 min · a real person telling a real story · TED-Ed, a creator's own channel, or a short doc — no lecture",WPPPFqsECz0,YES,REPLACE,35,,duplicate of week 35
Teen,51,4,The Ongoing Practice — There Is No Arrival,The Journey Is the Point,"Here's a truth that sounds discouraging at first but becomes liberating: you're never going to be 'finished.' There's no point where you'll have it all together, have figured everything out, or be done growing. And that's actually the best news there is — because it means the journey is the point, not the destination.","4–8 min · a real person telling a real story · TED-Ed, a creator's own channel, or a short doc — no lecture",sPOuCd6cBao,YES,KEEP,52,,weeks 52 will move off this one
Teen,52,4,Integration — A Year of Becoming,The Return With Gifts,"Fifty-two weeks. A whole year. You've seen yourself clearly, released what wasn't yours, built something real, and started living it outward. Today we don't call that finished. We call it the beginning of the rest of a life lived from the inside out. And we acknowledge, together, what was actually done.","4–8 min · a real person telling a real story · TED-Ed, a creator's own channel, or a short doc — no lecture",sPOuCd6cBao,YES,REPLACE,51,,duplicate of week 51
Adult,1,1,The Signal and the Noise,What Are You Actually Receiving?,"Most of us live on autopilot — reacting to noise instead of tuning into what actually matters. The first step in personal growth is learning to tell the difference between your signal (inner wisdom, real values, genuine responses) and the noise (external pressure, inherited stories, fear-based reactions).","8–15 min · TED / RSA / the speaker's own channel · evidence, a personal story, or a concrete how-to",lmyZMtPVodo,YES,KEEP,40,,weeks 40 will move off this one
Adult,2,1,The Stories We Carry,Reading the Code You Were Given,"We all have a narrative running about who we are, what we deserve, and what's possible for us. Most of those narratives were written before we were old enough to question them — by family, culture, early experiences, and how people responded to us. This week we examine the stories.","8–15 min · TED / RSA / the speaker's own channel · evidence, a personal story, or a concrete how-to",D9Ihs241zeg,YES,KEEP,25,,weeks 25 will move off this one
Adult,3,1,The Pattern Interrupt,Finding the Gap,"Once we can see our patterns, the next question is: can we pause before they run? Not suppress them — pause. The space between stimulus and response is where genuine choice lives. This week is about learning to find that space.","8–15 min · TED / RSA / the speaker's own channel · evidence, a personal story, or a concrete how-to",ZizdB0TgAVM,,KEEP,,,
Adult,4,1,What Your Body Is Telling You,Turning the Diagnostics Back On,The body keeps the score — and most of us stopped listening a long time ago. Chronic stress and the cultural pressure to push through means we've learned to override our most reliable source of real-time information. This week we tune back in.,"8–15 min · TED / RSA / the speaker's own channel · evidence, a personal story, or a concrete how-to",OidBsNLjD1Q,,KEEP,,,
Adult,5,1,The Mirror — How We See Ourselves,Recalibrating the Lens,"We don't see ourselves clearly. We see ourselves through a filter built from years of feedback, comparison, shame, and selective memory. This week is about developing accurate self-perception — honest, compassionate, and grounded in evidence.","8–15 min · TED / RSA / the speaker's own channel · evidence, a personal story, or a concrete how-to",haLsNaHmBhE,,KEEP,,,
Adult,6,1,The Comparison Loop,Getting Off the Loop,Comparison is one of the most subtle and pervasive sources of suffering in contemporary life. We compare upward (to those who appear more successful) and downward (to validate our position). Neither makes us genuinely happier. This week we examine the loop — and find the exit.,"8–15 min · TED / RSA / the speaker's own channel · evidence, a personal story, or a concrete how-to",SuF_mdyVNdM,,KEEP,,,
Adult,7,1,The Inner Critic,Naming the Judge,"Most of us have an inner voice far harsher than anything we'd say to someone we love. The inner critic is not healthy self-reflection — it is an internalised judge, often formed in childhood, that works against our growth while appearing to support it. This week we learn to hear it clearly and choose differently.","8–15 min · TED / RSA / the speaker's own channel · evidence, a personal story, or a concrete how-to",IvtZBUSplr4,YES,KEEP,17,,weeks 17 will move off this one
Adult,8,1,Beneath the Surface — Emotions as Data,Reading the Data Stream,"Most of us have two modes with emotions: suppress or flood. We either push them down or get overwhelmed by them. This week we develop a third option: emotions as information. Every emotion is communicating something — about our values, our needs, our history. Learning to read that communication is a core growth skill.","8–15 min · TED / RSA / the speaker's own channel · evidence, a personal story, or a concrete how-to",HJSK3HpgFdM,,KEEP,,,
Adult,9,1,The Wounds We Carry,The Kintsugi Audit,"All of us have been hurt — by people who were supposed to protect us, by experiences that exceeded our capacity to cope, by systems that didn't see us. Some of those experiences left marks that continue to shape how we move through the world. This week we look at what we carry — with honesty, courage, and enormous compassion.","8–15 min · TED / RSA / the speaker's own channel · evidence, a personal story, or a concrete how-to",95ovIJ3dsNk,,KEEP,,,
Adult,10,1,The Masks We Wear,Frontend and Backend,"Most of us present different versions of ourselves in different contexts — and that's not inherently a problem. But when the mask becomes more familiar than the face underneath, we've lost something important. This week we examine the performances we give and the cost of maintaining them.","8–15 min · TED / RSA / the speaker's own channel · evidence, a personal story, or a concrete how-to",iCvmsMzlF7o,YES,KEEP,"20, 22, 42",,"weeks 20, 22, 42 will move off this one"
Adult,11,1,Seeing Others Clearly,Calibrating the Sensor,"We don't just have distorted views of ourselves — we have distorted views of other people. We project our fears, needs, and stories onto others. We mistake interpretation for objective reality. And we often fail to genuinely see the person in front of us. This week we develop clearer perception of others.","8–15 min · TED / RSA / the speaker's own channel · evidence, a personal story, or a concrete how-to",baHrcC8B4WM,,KEEP,,,
Adult,12,1,The Habit Loop — How We Got Here,Mapping the Loops,"Most of our daily behaviour — researchers estimate up to 45% — is habit, not conscious choice. Understanding how habits form, how they're maintained, and what function they serve is the foundation of genuine behaviour change. This week we map the loops.","8–15 min · TED / RSA / the speaker's own channel · evidence, a personal story, or a concrete how-to",-moW9jvvMr4,,KEEP,,,
Adult,13,1,Integration — What We Now See,The Audit Is Complete,"Thirteen weeks of honest looking. This is not the end of seeing clearly — it is the beginning. Phase 1 closes with integration: taking stock of what has shifted, what has become visible, and what you're carrying into Phase 2 with new eyes. This is a threshold, not a summary.","8–15 min · TED / RSA / the speaker's own channel · evidence, a personal story, or a concrete how-to",sPOuCd6cBao,YES,KEEP,"26, 39, 51, 52",,"weeks 26, 39, 51, 52 will move off this one"
Adult,14,2,The Permission You're Still Waiting For,You Are the Authority,"Many of us are living on hold — waiting for someone to tell us it's okay to start, to change, to be who we actually are. We're waiting for a parent's approval, a partner's green light, the right moment, or enough confidence. This week we examine the permission we've been waiting for — and recognise that it was always ours to give.","8–15 min · TED / RSA / the speaker's own channel · evidence, a personal story, or a concrete how-to",iG9CE55wbtY,YES,KEEP,27,,weeks 27 will move off this one
Adult,15,2,Letting Go of Who You Were Supposed to Be,Default Settings and Custom Configuration,"Most of us are carrying an image of who we were supposed to become — defined by family expectation, cultural script, early ambition, or the version of success we absorbed from our environment. When life doesn't match that image, it can feel like failure. This week we examine that image — and ask whether it was ever actually ours.","8–15 min · TED / RSA / the speaker's own channel · evidence, a personal story, or a concrete how-to",NiuDFBNDoSk,YES,KEEP,32,,weeks 32 will move off this one
Adult,16,2,The Forgiveness Loop,Completing the Process,Unforgiveness is one of the heaviest things a human being can carry. Not because the other person deserves forgiveness — but because the person carrying the resentment is the one paying the physiological and psychological cost. This week we examine what forgiveness actually is — and what it isn't.,"8–15 min · TED / RSA / the speaker's own channel · evidence, a personal story, or a concrete how-to",Ik_V3UIqoQ0,,KEEP,,,
Adult,17,2,Forgiving Yourself,Clearing the Cache,"For many people, forgiving others is difficult — but forgiving themselves is nearly impossible. We hold ourselves to a standard of perfection that we would never apply to someone we loved. The result is a chronic state of internal prosecution — always on trial, never acquitted. This week we examine what it would mean to finally offer yourself the verdict of enough.","8–15 min · TED / RSA / the speaker's own channel · evidence, a personal story, or a concrete how-to",IvtZBUSplr4,YES,REPLACE,7,,duplicate of week 7
Adult,18,2,Rewiring the Critic — Building the Inner Coach,Building the Better Architecture,"In Phase 1 we identified the inner critic — where it came from and what it costs. Now, in Phase 2, we do the rewiring. This is not about silencing the critical voice forever. It is about replacing it with something more functional: an inner coach who is honest, grounded, and genuinely on your side.","8–15 min · TED / RSA / the speaker's own channel · evidence, a personal story, or a concrete how-to",pN34FNbOKXc,,KEEP,,,
Adult,19,2,Breaking the People-Pleasing Pattern,Reorienting the Function,"People-pleasing is rarely about kindness. It is almost always about fear — fear of conflict, rejection, disapproval, or the discomfort of being seen as inadequate. The result is a life lived in service of other people's comfort at the expense of one's own authenticity and wellbeing. This week we examine the pattern — and begin to dismantle it.","8–15 min · TED / RSA / the speaker's own channel · evidence, a personal story, or a concrete how-to",MIte_1vcOqs,,KEEP,,,
Adult,20,2,Unlearning Scarcity — There Is Enough,Uninstalling the Scarcity Operating System,"Scarcity thinking is one of the most pervasive and unexamined belief systems in contemporary life. It runs in the background of most decisions — there isn't enough time, money, love, opportunity, or worthiness to go around. This week we examine the scarcity operating system and explore what becomes possible when we uninstall it.","8–15 min · TED / RSA / the speaker's own channel · evidence, a personal story, or a concrete how-to",iCvmsMzlF7o,YES,REPLACE,"10, 22, 42",,duplicate of week 10
Adult,21,2,The Relationships That Shaped You,Structural Assessment,"We are relational beings. The relationships that formed us — primary caregivers, siblings, early friendships, romantic partners, authority figures — have shaped our templates for intimacy, trust, conflict, and belonging. This week we examine those templates honestly, with the goal of choosing which ones to carry forward.","8–15 min · TED / RSA / the speaker's own channel · evidence, a personal story, or a concrete how-to",WjOowWxOXCg,,KEEP,,,
Adult,22,2,Setting Down the Armour,Updating the Security System,"We all developed protective mechanisms — ways of keeping ourselves safe from vulnerability, hurt, and rejection. Those mechanisms were often necessary once. But armour that once protected you can become a prison. This week we examine what we're defended against, what the defence is costing us, and what becomes possible when we begin to set it down.","8–15 min · TED / RSA / the speaker's own channel · evidence, a personal story, or a concrete how-to",iCvmsMzlF7o,YES,REPLACE,"10, 20, 42",,duplicate of week 10
Adult,23,2,Grief and Growth — What Endings Make Possible,Completing the Close,"Grief is not only about death. It is the appropriate response to any genuine loss — of a relationship, an identity, a version of your future, a belief that no longer holds. Most of us have been taught to get through grief quickly rather than move through it honestly. This week we honour what grief actually is — and what becomes possible on the other side.","8–15 min · TED / RSA / the speaker's own channel · evidence, a personal story, or a concrete how-to",khkJkR-ipfw,,KEEP,,,
Adult,24,2,Rewiring Fear — From Threat to Signal,Calibrating the Threat Sensor,"Fear is not the problem. Fear is information. But most of us have fear responses that are miscalibrated — firing at situations that don't warrant the intensity, categorising opportunity as threat, treating discomfort as danger. This week we examine our fear responses, understand their origins, and begin the rewiring.","8–15 min · TED / RSA / the speaker's own channel · evidence, a personal story, or a concrete how-to",RcGyVTAoXEU,,KEEP,,,
Adult,25,2,The Stories That No Longer Serve,Writing the Upgrade,"In Phase 1 we identified the stories we carry. Now, in the final weeks of Phase 2, we do the unlearning. Not all stories can be released immediately — but some of them are ready. This week we identify which stories have passed their use-by date — and practise the deliberate, conscious act of writing a new one.","8–15 min · TED / RSA / the speaker's own channel · evidence, a personal story, or a concrete how-to",D9Ihs241zeg,YES,REPLACE,2,,duplicate of week 2
Adult,26,2,Integration — What We Have Released,Cleared Ground,"Thirteen weeks of unlearning. Phase 2 closes with integration — taking stock of what has been released, what has been rewired, and what you're carrying into Phase 3 lighter than you arrived. This is not a summary. It is a ceremony of release — and a threshold into rebuilding.","8–15 min · TED / RSA / the speaker's own channel · evidence, a personal story, or a concrete how-to",sPOuCd6cBao,YES,REPLACE,"13, 39, 51, 52",,duplicate of week 13
Adult,27,3,Who Are You Now? — Rebuilding Identity,Configuration Begins,"Having released much of what was inherited, imposed, or outdated in Phase 2, the question that opens Phase 3 is genuinely new: who are you now? Not the story you were given, not the role you were assigned — but the person currently standing on cleared ground, with the ability to consciously author what comes next.","8–15 min · TED / RSA / the speaker's own channel · evidence, a personal story, or a concrete how-to",iG9CE55wbtY,YES,REPLACE,14,,duplicate of week 14
Adult,28,3,What Do You Actually Value?,Setting the Priority Hierarchy,"Values are not what we say we believe — they are what we demonstrate through our choices, our time, and our energy. Most people have never explicitly identified their core values. Most people's lives are organised around values they absorbed — approval, security, success — rather than values they chose. This week we get explicit.","8–15 min · TED / RSA / the speaker's own channel · evidence, a personal story, or a concrete how-to",jHeeHg_MXNE,YES,KEEP,43,,weeks 43 will move off this one
Adult,29,3,The Habits That Build You,Installing the New Architecture,"In Phase 1 we mapped existing habits. In Phase 3 we build new ones — deliberately, from identity, aligned with values. Not willpower-based habits that exhaust and fail, but identity-based habits that compound quietly into the person you are becoming. This is where the rebuild becomes daily.","8–15 min · TED / RSA / the speaker's own channel · evidence, a personal story, or a concrete how-to",W1eYrhGeffc,,KEEP,,,
Adult,30,3,Your Body as Foundation,The Hardware Layer,"The body is not the vehicle that carries you through your personal development journey — it IS the journey. Sleep, movement, nourishment, and breath are not the lifestyle habits you'll get to once the important work is done. They are the substrate of every other capacity: attention, emotional regulation, resilience, creativity, and connection all run on physiological hardware.","8–15 min · TED / RSA / the speaker's own channel · evidence, a personal story, or a concrete how-to",5MuIMqhT8oY,,KEEP,,,
Adult,31,3,The People You Choose,Designing the Social Environment,"You are a relational being. The people you spend the most time with are not just company — they are a constant source of input that shapes your nervous system, your beliefs, your ambitions, and your sense of what is possible. Rebuilding means becoming intentional about that input.","8–15 min · TED / RSA / the speaker's own channel · evidence, a personal story, or a concrete how-to",q4g_cxMWnMk,,KEEP,,,
Adult,32,3,How You Speak to Yourself,The Daily Soundtrack,In Phase 1 we identified the inner critic. In Phase 2 we built the inner coach. In Phase 3 we practise the daily language — the specific quality of internal dialogue that becomes the running soundtrack of a life. The way you habitually speak to yourself is the water you swim in. This week we make it deliberately nourishing.,"8–15 min · TED / RSA / the speaker's own channel · evidence, a personal story, or a concrete how-to",NiuDFBNDoSk,YES,REPLACE,15,,duplicate of week 15
Adult,33,3,Creating Structure That Serves You,Designing the Container,"Most people relate to structure as something imposed — schedules, systems, rules that constrain. The rebuild inverts this: structure is a tool of freedom. A thoughtfully designed daily architecture reduces decision fatigue, protects your values, and creates the conditions in which your best work, your deepest connections, and your genuine rest can all happen.","8–15 min · TED / RSA / the speaker's own channel · evidence, a personal story, or a concrete how-to",gTaJhjQHcf8,,KEEP,,,
Adult,34,3,"Rest as a Practice, Not a Reward",Scheduled Maintenance,"Most of us treat rest as what happens after the work is done — the reward for sufficient productivity. This is backwards. Rest is not the recovery from life. It is the condition in which life's highest-quality work, deepest connections, and most genuine insights become possible. This week we rebuild our relationship with rest.","8–15 min · TED / RSA / the speaker's own channel · evidence, a personal story, or a concrete how-to",9y1xyXtYAsg,,KEEP,,,
Adult,35,3,Creativity and Expression,Restoring the Output Channel,"Creativity is not a talent possessed by some and absent in others. It is a fundamental human capacity — the ability to make meaning, to express what is true, to bring something new into existence. When creativity is absent from a life, something essential goes unexpressed. This week we reclaim it.","8–15 min · TED / RSA / the speaker's own channel · evidence, a personal story, or a concrete how-to",86x-u-tz0MA,,KEEP,,,
Adult,36,3,Purpose — What You're Here For,Orienting Toward What Is Genuinely Yours,"Purpose is not a destination to find — it is a direction to orient toward. It is not assigned at birth or discovered in a single moment — it is cultivated through honest reflection on what you care about, what you're good at, what the world needs, and what gives you energy. This week we orient.","8–15 min · TED / RSA / the speaker's own channel · evidence, a personal story, or a concrete how-to",fLJsdqxnZb0,,KEEP,,,
Adult,37,3,"Money, Abundance and Your Relationship With Resources",Rebuilding the Resource Relationship,"Few areas of human life carry more inherited story, more unexamined shame, more contradictory programming than money and material resources. We rebuild this relationship not from financial advice, but from honest self-inquiry: what stories were you given about money, what do they cost you, and what would a genuinely healthy, values-aligned relationship with resources look and feel like?","8–15 min · TED / RSA / the speaker's own channel · evidence, a personal story, or a concrete how-to",8gxNHkQBkF8,,KEEP,,,
Adult,38,3,The Community You Build,Building the Ecology of Growth,"Human beings are not designed for isolation. We are designed for community — the sustained experience of being known, belonging, contributing, and being contributed to by a group with shared values and shared life. Most contemporary adults are chronically under-communal. Phase 3 closes by rebuilding community as a deliberate practice.","8–15 min · TED / RSA / the speaker's own channel · evidence, a personal story, or a concrete how-to",q4g_cxMWnMg,,KEEP,,,
Adult,39,3,Integration — Who You Are Becoming,The Foundation Is Laid,"Thirteen weeks of rebuilding. Phase 3 closes with integration — taking stock of the identity that has been constructed, the habits that have been planted, the values that have been named, the community that has been invested in. This is not a summary. It is a threshold into Phase 4: Live It.","8–15 min · TED / RSA / the speaker's own channel · evidence, a personal story, or a concrete how-to",sPOuCd6cBao,YES,REPLACE,"13, 26, 51, 52",,duplicate of week 13
Adult,40,4,From Self-Development to Service,The Turn Outward,"Three phases of inner work — seeing, unlearning, rebuilding — have been preparation for this: the turn outward. Phase 4 is not about more self-development. It is about the natural expression of genuine development: service. When you have done the inner work, you have something real to give. This week we make the turn.","8–15 min · TED / RSA / the speaker's own channel · evidence, a personal story, or a concrete how-to",lmyZMtPVodo,YES,REPLACE,1,,duplicate of week 1
Adult,41,4,Teaching What You've Learned,The Test of Understanding,"The deepest form of learning is teaching. When you explain what you know to someone else — when you put your understanding into words that another person can receive — you discover what you actually know versus what you only think you know. Phase 4 includes teaching as a practice, not just an activity.","8–15 min · TED / RSA / the speaker's own channel · evidence, a personal story, or a concrete how-to",FLbqzbAaEiI,,KEEP,,,
Adult,42,4,The Courage to Be Seen,Going Live,"Living It — Phase 4 — requires something that all the inner work has been building toward: the courage to be genuinely seen. Not the performance of authenticity, not carefully managed vulnerability, but the actual lived experience of being known — in your community, your work, your relationships — as the person you have genuinely become.","8–15 min · TED / RSA / the speaker's own channel · evidence, a personal story, or a concrete how-to",iCvmsMzlF7o,YES,REPLACE,"10, 20, 22",,duplicate of week 10
Adult,43,4,Living Your Values Under Pressure,Values Under Load,"Values are easy to hold in quiet moments. The test is whether they hold under pressure — when it costs something to live them, when the easier path is compromise, when the people around you expect something different. This week is about the practice of values-integrity when it genuinely matters.","8–15 min · TED / RSA / the speaker's own channel · evidence, a personal story, or a concrete how-to",jHeeHg_MXNE,YES,REPLACE,28,,duplicate of week 28
Adult,44,4,Conflict as a Growth Practice,The Interface Layer,"Conflict is not the opposite of growth. For most people it is the primary site of it — the place where values meet reality, where differences become visible, where the quality of all the inner work is actually tested. Most people manage conflict rather than engage it. Phase 4 treats it as a practice.","8–15 min · TED / RSA / the speaker's own channel · evidence, a personal story, or a concrete how-to",l7ToNudVd2I,,KEEP,,,
Adult,45,4,Generosity as a Way of Being,Hands Open,"Generosity is not an occasional act. It is an orientation — a way of moving through the world that sees abundance rather than scarcity, that gives freely from what has been developed and cultivated, that trusts that contribution does not diminish the contributor. Phase 4 cultivates generosity not as a behaviour but as a practice of being.","8–15 min · TED / RSA / the speaker's own channel · evidence, a personal story, or a concrete how-to",M7SBFnFvPeY,,KEEP,,,
Adult,46,4,Enough — Living From Sufficiency,The Stable Baseline,"Phase 3 Week 20 examined the scarcity mindset. Phase 4 goes further: what does it actually feel like to live from sufficiency — not as a belief, but as a practice? Not as an achievement of having enough, but as a daily orientation that returns to gratitude, presence, and the genuine recognition that what is here, right now, is enough to begin from.","8–15 min · TED / RSA / the speaker's own channel · evidence, a personal story, or a concrete how-to",oHGKTZSe_k4,,KEEP,,,
Adult,47,4,The Long Game — Patience and Persistence,Trusting the Process,"We live in a culture of instant feedback, rapid results, and the expectation that growth should be visible and immediate. The inner work done in this year does not follow that rhythm. Some of it has already changed you. Some of it will show up in five years. Some of it you will not understand until you look back. This week is about developing the orientation of the long game.","8–15 min · TED / RSA / the speaker's own channel · evidence, a personal story, or a concrete how-to",TQMbvJNRpLE,,KEEP,,,
Adult,48,4,Leaving People Better Than You Found Them,Positive Externalities,"One of the simplest and most demanding practices available: leaving people better than you found them. Not dramatically better — not rescuing or fixing. Just slightly more seen, more valued, more capable of being themselves because of their encounter with you. This is the lived expression of everything this year has built.","8–15 min · TED / RSA / the speaker's own channel · evidence, a personal story, or a concrete how-to",cDDWvj_q-o8,,KEEP,,,
Adult,49,4,Your Legacy — What You're Building Beyond Yourself,What Are You Actually Building?,"Legacy is not what you leave after you die. Legacy is what you are building right now — through how you show up, what you model, what you teach, what you create, and who you help become. At 35, at 50, at 70: legacy is a present practice, not a future inheritance. This week we think about what we are actually building beyond ourselves.","8–15 min · TED / RSA / the speaker's own channel · evidence, a personal story, or a concrete how-to",qp0HIF3SfI4,,KEEP,,,
Adult,50,4,"Gratitude as a Practice, Not a Feeling",Deliberate Attention,"Gratitude is not a feeling you have when good things happen. It is a practice you choose regardless of circumstances — the deliberate, specific attention to what is already present and valuable. Research on gratitude is unambiguous: practised consistently, it is one of the most effective interventions available for wellbeing, resilience, and quality of relationship.","8–15 min · TED / RSA / the speaker's own channel · evidence, a personal story, or a concrete how-to",WPPPFqsECz0,,KEEP,,,
Adult,51,4,The Ongoing Practice — There Is No Arrival,The Practice That Keeps Practising,"There is no arrival. Not in Week 52, not in five years, not ever. The inner work is not a problem to be solved and a destination to be reached. It is a practice — ongoing, deepening, always unfinished, always richer. This week we embrace that truth not as disappointing but as liberating.","8–15 min · TED / RSA / the speaker's own channel · evidence, a personal story, or a concrete how-to",sPOuCd6cBao,YES,REPLACE,"13, 26, 39, 52",,duplicate of week 13
Adult,52,4,Integration — A Year of Becoming,The Ceremony of Acknowledgment,"Fifty-two weeks. Four phases. One year of genuine inner work — seeing clearly, unlearning what no longer serves, rebuilding from values, and living it outward into the world. Week 52 is not a graduation. It is a milestone in an ongoing practice. Today we honour the work, acknowledge the transformation, witness each other, and step forward carrying everything this year has made possible.","8–15 min · TED / RSA / the speaker's own channel · evidence, a personal story, or a concrete how-to",sPOuCd6cBao,YES,REPLACE,"13, 26, 39, 51",,duplicate of week 13
